epoch,train_loss,val_loss,val_iou,val_dice
0,1.7101768512865563,1.7525972535338583,4.313542612258268e-05,8.597786558749643e-05
