epoch,train_loss,val_loss,val_iou,val_dice
0,1.743166832696824,1.7742395280282708,6.280475252019296e-05,0.0001249893608959664
