epoch,train_loss,val_loss,val_iou,val_dice
0,1.7588086215567675,1.6505077866059314,0.0,0.0
1,1.6996232214428129,1.6186822909343093,0.0,0.0
2,1.6836958394382462,1.6125469147404539,0.0,0.0
3,1.664152206518711,1.617855948737905,0.0,0.0
4,1.668945075828077,1.6048657139645348,0.0,0.0
