epoch,train_loss,val_loss,val_iou,val_dice
0,1.7635149689384433,1.6513904333114624,0.0,0.0
1,1.6908264002957187,1.6700359718709052,0.0,0.0
2,1.6795707307892405,1.7736976705019987,0.0,0.0
