epoch,train_loss,val_loss,val_iou,val_dice
0,1.2725272526059832,2.0841441434972428,0.17675034024686248,0.2783827205864
1,1.201642838886806,1.1993921328993404,0.2736546612619871,0.38938858987898767
2,1.2047993544169835,1.259717792856927,0.27912329899768923,0.39570970229328595
