epoch,train_loss,val_loss,val_iou,val_dice
0,1.2327875736781528,1.6111861201477986,0.2705090633275918,0.38543968779384863
1,1.2472059958321708,1.34076873812021,0.2825571562752344,0.39887857857415465
2,1.1877768680027554,1.287168268479553,0.2794862509133006,0.39663420773456526
3,1.2041684225627354,1.217342242306354,0.27073379057875036,0.3854875997183896
4,1.1740935448237828,1.5038212055669111,0.274081257296987,0.39032466675270516
